需求单号,芯片型号,模型名称,框架,适配判定,严重度,判定理由
RAW-001,TX8,Qwen2.5-14B,未提取到,需实测验证,P1,显存可容纳但余量仅 13.8%，低于 15% 阈值，需按客户实际上下文长度实测确认
RAW-003,REX1032,YOLOv8n-detect,PyTorch 2.1,需实测验证,P1,显存余量 85.6%（需求下界 4.6 GiB / 单卡 32.0 GiB），高于 15% 阈值；另有该框架算子 fallback 到 CPU 的记录，但来源可信度为 unverified（来自客户单方描述），**不据此判不推荐**，只要求实测验证
RAW-012,TX8,Qwen2.5-14B,未提取到,需实测验证,P2,显存可容纳但余量仅 13.8%，低于 15% 阈值，需按客户实际上下文长度实测确认
RAW-015,TX8,Qwen2.5-7B,PyTorch 2.1,需实测验证,P1,显存余量 42.5%（需求下界 18.4 GiB / 单卡 32.0 GiB），高于 15% 阈值；另有该框架算子 fallback 到 CPU 的记录，但来源可信度为 unverified（来自客户单方描述），**不据此判不推荐**，只要求实测验证
RAW-005,TX8,DeepSeek-V3,未提取到,不推荐,P1,模型 DeepSeek-V3 权重下界 1400.0 GiB（含 1.15 运行时余量）超过单卡显存 32.0 GiB，单卡跑不动；至少需 51 卡（张量/流水并行，切分方式须研发确认）
RAW-011,TX8,DeepSeek-V3,未提取到,不推荐,P2,模型 DeepSeek-V3 权重下界 1400.0 GiB（含 1.15 运行时余量）超过单卡显存 32.0 GiB，单卡跑不动；至少需 51 卡（张量/流水并行，切分方式须研发确认）
RAW-014,REX1032,Qwen2.5-32B,未提取到,不推荐,P3,模型 Qwen2.5-32B 权重下界 48.0 GiB（含 1.15 运行时余量）超过单卡显存 32.0 GiB，单卡跑不动；至少需 2 卡（张量/流水并行，切分方式须研发确认）
RAW-004,REX81,Qwen2.5-32B,未提取到,待人工核实,P2,芯片 REX81 的公开资料未查到单卡显存（可重构架构的详细规格未公开），无法做显存判定 —— 待人工核实
RAW-007,REX1032,未提取到,PyTorch,待人工核实,P1,必填字段缺失：model_name
RAW-008,TX81,未提取到,未提取到,待人工核实,P3,必填字段缺失：model_name
RAW-010,REX81,未提取到,未提取到,待人工核实,P2,必填字段缺失：model_name
